<process name="flowCartExt/cartModify" alias="修改购物车">

    <start name="start" alias="流程开始">
        <paths>
            <path to="argumentCheck"/>
        </paths>
    </start>

    <state name="argumentCheck" alias="基本入参检查">
        <invokes>
            <node id="argumentCheckHandler"/>
        </invokes>
        <paths>
            <path to="bizProcess"/>
        </paths>
    </state>

    <state name="bizProcess" alias="业务流程">
        <invokes>
            <!-- 购物车主表查询 -->
            <node id="modifyCartQueryHandlerCenter"/>
            <!-- 处理合并逻辑 -->
            <node id="modifyCartMergeHandler"/>
            <!-- 数量变更库存校验 -->
            <node id="modifyCartQtyHandler"/>
            <!-- 业务限制加购规则, 目前为空 -->
            <node id="modifyCartBizLimitHandler"/>
             <!-- 保存数据 -->
            <node id="modifyCartSaveHandler"/>
        </invokes>
        <paths>
            <path to="end" />
        </paths>
    </state>

    <state name="end" alias="流程结束"/>
</process>