<process name="flowOrderExt/orderConfirm" alias="确定订单信息查询">

    <start name="start" alias="流程开始">
        <paths>
            <path to="argumentCheck"/>
        </paths>
    </start>

    <state name="argumentCheck" alias="基本入参检查">
        <invokes>
            <node id="argumentCheckHandler"/>
        </invokes>
        <paths>
            <path to="bizProcess"/>
        </paths>
    </state>

    <state name="bizProcess" alias="业务流程">
        <invokes>
            <!-- 商品查询 -->
            <node id="confirmOrderItemHandlerCenter"/>
            <!-- 基本字段填充 -->
            <node id="confirmOrderFillupHandler"/>
            <!-- 营销查询 -->
            <node id="confirmOrderPromotionHandler"/>
            <!-- 买家查询、处理 -->
            <node id="confirmOrderCustomerHandler"/>
            <!-- 库存校验 -->
            <node id="confirmOrderInventoryHandler"/>
            <!-- 收货地址校验、处理 -->
             <node id="confirmOrderReceiverHandler"/>
            <!-- 业务扩展校验 -->
            <node id="confirmOrderBizCheckHandler"/>
            <!-- 价格计算 -->
            <node id="confirmOrderPriceHandler"/>
            <!-- 多阶段处理 -->
            <node id="confirmStepOrderHandler"/>
            <!-- 订单ID预生成 -->
            <node id="confirmOrderGenerateIdHandler"/>
            <!--下单常量填充、订单打标 -->
            <node id="confirmOrderFillupHandlerCenter"/>
            <!-- 同步es 一个create状态 ，并且入tc_order表 -->
            <node id ="confirmOrderSaveHandler"/>
            <!-- 下单token处理 -->
            <node id="confirmOrderTokenHandler"/>
            <!-- 结果数据转换 -->
            <node id="confirmOrderResultHandler"/>
        </invokes>
        <paths>
            <path to="end" />
        </paths>
    </state>

    <state name="end" alias="流程结束"/>
</process>