<process name="flowOrderExt/orderCreate" alias="创建订单">

    <start name="start" alias="流程开始">
        <paths>
            <path to="argumentCheck"/>
        </paths>
    </start>

    <state name="argumentCheck" alias="基本入参检查">
        <invokes>
            <node id="argumentCheckHandler"/>
        </invokes>
        <paths>
            <path to="bizProcess"/>
        </paths>
    </state>

    <state name="bizProcess" alias="业务流程">
        <invokes>
            <!-- Token拆包 -->
            <node id="createOrderTokenHandler"/>
            <!-- 基础校验 -->
            <node id="createOrderBasicCheckHandler"/>
            <!-- 用户检查 -->
            <node id="createOrderCustomerHandler"/>
            <!-- 商品查询、检查 -->
            <node id="createOrderItemHandlerCenter"/>
            <!-- 营销查询 -->
            <node id="createOrderPromotionHandler"/>
            <!-- 库存检查 -->
            <node id="createOrderInventoryHandler"/>
            <!-- 收件人查询、检查 -->
            <node id="createOrderReceiverHandler"/>
            <!-- 业务扩展校验 -->
            <node id="createOrderBizCheckHandler"/>
            <!-- 价格计算、检查 -->
            <node id="createOrderPriceHandler"/>
            <!-- 多阶段处理 -->
            <node id="createStepOrderHandler"/>
            <!-- 下单常量填充、订单打标 -->
            <node id="createOrderFillupHandlerCenter"/>
            <!-- 订单ID预生成 -->
            <!--<node id="createOrderGenerateIdHandler"/>-->
            <!-- 积分冻结 -->
            <node id="createOrderPointLockHandler"/>
            <!-- 营销资产（优惠券）扣减 -->
            <node id="createOrderPromotionAssetsHandler"/>
            <!-- 支付单生成 -->
            <node id="createOrderPaymentHandler"/>
            <!-- 预占库存、创建超时释放库存任务 -->
            <node id="createOrderInventoryLockHandler"/>
            <!-- 保存订单与支付单、创建超时关单任务 -->
            <node id="createOrderSaveHandler"/>

            <!-- 下单异常的回退处理: 释放 冻结的积分、预占的库存、营销优惠券 -->
            <node id="createOrderErrorRollbackHandler"/>

            <!-- token回收处理, 下单异常的token继续可用, 下单成功的token失效掉 -->
            <node id="createOrderTokenRecoverHandler"/>


            <!-- 下单成功的后续流程 -->

            <!-- 下单减库存, 执行扣减 -->
            <node id="createOrderInventoryPostHandler"/>
            <!-- 从购物车下单的, 删除购物车记录 -->
            <node id="createOrderDelCartHandlerCenter"/>
            <!-- 订单消息 -->
            <node id="createOrderMessageHandler"/>
            <!-- 结果转换 -->
            <node id="createOrderResultHandler"/>


        </invokes>
        <paths>
            <path to="end" />
        </paths>
    </state>

    <state name="end" alias="流程结束"/>
</process>